id;user_id;tournament_id;event_id;score
3ae4bfb3-3044-4098-81b2-ddaafc7d398c;baa4324f-9c57-4cf9-b7f1-521a325fb3ad;914da150-d335-4148-a009-dd4f5a083c6a;61e04728-4dbb-46a7-ada4-483ea64cfcb3;25
56e85060-212e-4940-96bf-fd20930fc940;477c8478-1ed5-4459-bc2c-55f19d24e368;914da150-d335-4148-a009-dd4f5a083c6a;61e04728-4dbb-46a7-ada4-483ea64cfcb3;18
f7379d78-3d79-4fd1-a833-950cf6f2d407;9d9dca7d-3152-4d42-a91f-03b3591a455a;914da150-d335-4148-a009-dd4f5a083c6a;61e04728-4dbb-46a7-ada4-483ea64cfcb3;10
0b0da3d0-3a30-4810-8d68-9e2c09ab4f9d;72f7117a-e1ff-4c17-a8e6-e8b058fdf125;914da150-d335-4148-a009-dd4f5a083c6a;61e04728-4dbb-46a7-ada4-483ea64cfcb3;25
c4f8ead7-fc05-48ca-a4ef-6ad52f03c789;baa4324f-9c57-4cf9-b7f1-521a325fb3ad;914da150-d335-4148-a009-dd4f5a083c6a;efc48201-9a82-4697-ad29-aa9a3e447bcd;15
cb284394-e99b-4893-a145-8f78a204cf85;477c8478-1ed5-4459-bc2c-55f19d24e368;914da150-d335-4148-a009-dd4f5a083c6a;efc48201-9a82-4697-ad29-aa9a3e447bcd;20
f8858539-d252-4431-ae4d-bdeec6b69798;9d9dca7d-3152-4d42-a91f-03b3591a455a;914da150-d335-4148-a009-dd4f5a083c6a;efc48201-9a82-4697-ad29-aa9a3e447bcd;25
e3c90680-465f-4027-a4b2-2f06199b0960;72f7117a-e1ff-4c17-a8e6-e8b058fdf125;914da150-d335-4148-a009-dd4f5a083c6a;efc48201-9a82-4697-ad29-aa9a3e447bcd;18
a5b40392-58a5-4305-99ff-8362c8df5531;baa4324f-9c57-4cf9-b7f1-521a325fb3ad;914da150-d335-4148-a009-dd4f5a083c6a;25ff41b1-f27c-43db-8227-6264081ef7cd;10
9dced29b-e88d-4b59-95ad-0f94653e777a;477c8478-1ed5-4459-bc2c-55f19d24e368;914da150-d335-4148-a009-dd4f5a083c6a;25ff41b1-f27c-43db-8227-6264081ef7cd;25
93e81cf8-8f72-4cb3-8038-fe38f044e9e7;9d9dca7d-3152-4d42-a91f-03b3591a455a;914da150-d335-4148-a009-dd4f5a083c6a;25ff41b1-f27c-43db-8227-6264081ef7cd;15
711f2dda-d869-4a6c-aed7-c6d1638b8287;72f7117a-e1ff-4c17-a8e6-e8b058fdf125;914da150-d335-4148-a009-dd4f5a083c6a;25ff41b1-f27c-43db-8227-6264081ef7cd;20
d1b9d339-9ff2-4ade-8dd7-418c82c288b6;baa4324f-9c57-4cf9-b7f1-521a325fb3ad;30bd42f5-71cc-442e-aa7e-2862c37544a5;61e04728-4dbb-46a7-ada4-483ea64cfcb3;25
04c08640-610e-4b07-8b5d-5271d955fd94;477c8478-1ed5-4459-bc2c-55f19d24e368;30bd42f5-71cc-442e-aa7e-2862c37544a5;61e04728-4dbb-46a7-ada4-483ea64cfcb3;18
e88b3467-18ed-4c2c-a970-133a7a94e32e;cd2ffa50-8d41-4b5a-b60f-6698cb70a458;30bd42f5-71cc-442e-aa7e-2862c37544a5;61e04728-4dbb-46a7-ada4-483ea64cfcb3;10
8f9a196e-7a14-418a-9dc2-a10408c955bd;baa4324f-9c57-4cf9-b7f1-521a325fb3ad;30bd42f5-71cc-442e-aa7e-2862c37544a5;efc48201-9a82-4697-ad29-aa9a3e447bcd;25
33210f95-0374-46a8-bfcc-2fab44f0f6e5;477c8478-1ed5-4459-bc2c-55f19d24e368;30bd42f5-71cc-442e-aa7e-2862c37544a5;efc48201-9a82-4697-ad29-aa9a3e447bcd;15
e9b41ad1-628c-4681-a6a2-0024163c920c;cd2ffa50-8d41-4b5a-b60f-6698cb70a458;30bd42f5-71cc-442e-aa7e-2862c37544a5;efc48201-9a82-4697-ad29-aa9a3e447bcd;20
4d0f51c5-75b5-494e-89b1-b289a6a8ec0e;baa4324f-9c57-4cf9-b7f1-521a325fb3ad;30bd42f5-71cc-442e-aa7e-2862c37544a5;25ff41b1-f27c-43db-8227-6264081ef7cd;25
7d9c8867-4214-4a4c-9963-72ffc20f470d;477c8478-1ed5-4459-bc2c-55f19d24e368;30bd42f5-71cc-442e-aa7e-2862c37544a5;25ff41b1-f27c-43db-8227-6264081ef7cd;18
a3b113c4-c3ab-43be-aecb-5f222c5e5fa1;cd2ffa50-8d41-4b5a-b60f-6698cb70a458;30bd42f5-71cc-442e-aa7e-2862c37544a5;25ff41b1-f27c-43db-8227-6264081ef7cd;10
