id;participation_id;position_guessed;event_scores_id
4231e46c-ba0f-4d89-b1c5-1f1c81fa0e4a;decb0a06-03bc-4b51-9ef2-35974ccb4f7f;1;3ae4bfb3-3044-4098-81b2-ddaafc7d398c
8e62f38d-f19b-4ea4-9be4-7a26350bf5c5;37f1aaa0-357d-47c8-be70-e6524c92dccf;2;3ae4bfb3-3044-4098-81b2-ddaafc7d398c
71bd7a3a-c32d-4226-966e-2ccbf7ecbd4f;f64456f7-d9a2-4554-9e53-17a922c63170;3;3ae4bfb3-3044-4098-81b2-ddaafc7d398c
80891aa0-9ca6-41ed-b1c0-6c0d2bdb20e3;decb0a06-03bc-4b51-9ef2-35974ccb4f7f;1;56e85060-212e-4940-96bf-fd20930fc940
12f7b590-4fc1-4303-8bd3-3823bd0a239f;37f1aaa0-357d-47c8-be70-e6524c92dccf;2;56e85060-212e-4940-96bf-fd20930fc940
f302d9ac-dd70-4b2e-9eaf-cab21c2ae7f2;f64456f7-d9a2-4554-9e53-17a922c63170;3;56e85060-212e-4940-96bf-fd20930fc940
39e794c2-719f-4c9e-b72b-5c4c86d4af8a;decb0a06-03bc-4b51-9ef2-35974ccb4f7f;1;f7379d78-3d79-4fd1-a833-950cf6f2d407
7d3e530e-276b-4368-a444-d024c03cfe54;37f1aaa0-357d-47c8-be70-e6524c92dccf;2;f7379d78-3d79-4fd1-a833-950cf6f2d407
a6ea0561-5950-42ab-a02b-213cb064695d;f64456f7-d9a2-4554-9e53-17a922c63170;3;f7379d78-3d79-4fd1-a833-950cf6f2d407
c6c8261d-c072-43c6-b3b7-a0eda0b3a68c;decb0a06-03bc-4b51-9ef2-35974ccb4f7f;1;0b0da3d0-3a30-4810-8d68-9e2c09ab4f9d
c9ded137-d836-46d4-8063-0eeb0432f3b3;37f1aaa0-357d-47c8-be70-e6524c92dccf;2;0b0da3d0-3a30-4810-8d68-9e2c09ab4f9d
2a046f87-74ff-4f19-a4ed-9a72e61f776d;f64456f7-d9a2-4554-9e53-17a922c63170;3;0b0da3d0-3a30-4810-8d68-9e2c09ab4f9d
6ead2b72-a367-429b-b0b4-28d16e1d5f2d;a765c137-a059-427a-bf33-ddd027fc43fd;1;c4f8ead7-fc05-48ca-a4ef-6ad52f03c789
bc3627ec-f4ce-4c97-9a7d-87baee2725c4;0f637096-87af-409b-bd30-bf3c7cba1502;2;c4f8ead7-fc05-48ca-a4ef-6ad52f03c789
2a8a6461-adc8-477c-8b77-f372a4000707;9ff91faa-e294-442e-abf2-fcc6ba10582b;3;c4f8ead7-fc05-48ca-a4ef-6ad52f03c789
372816da-303a-4914-81f7-a6c1e1d2da3c;a765c137-a059-427a-bf33-ddd027fc43fd;1;cb284394-e99b-4893-a145-8f78a204cf85
b9d85970-ba00-430f-85f0-b493b7dcdfbc;0f637096-87af-409b-bd30-bf3c7cba1502;2;cb284394-e99b-4893-a145-8f78a204cf85
d16ed0fc-fbcb-4aea-896b-482aefeed352;9ff91faa-e294-442e-abf2-fcc6ba10582b;3;cb284394-e99b-4893-a145-8f78a204cf85
0915a7e5-1e37-4a9a-af60-41e5333bc665;a765c137-a059-427a-bf33-ddd027fc43fd;1;f8858539-d252-4431-ae4d-bdeec6b69798
e5c2c5d5-8612-4d1e-8ca0-e47ab79c64c1;0f637096-87af-409b-bd30-bf3c7cba1502;2;f8858539-d252-4431-ae4d-bdeec6b69798
f2737ea7-c1a9-4350-9cbe-38a27a66bb1e;9ff91faa-e294-442e-abf2-fcc6ba10582b;3;f8858539-d252-4431-ae4d-bdeec6b69798
ce851d37-0106-4e2f-b8b9-c6e89f326364;a765c137-a059-427a-bf33-ddd027fc43fd;1;e3c90680-465f-4027-a4b2-2f06199b0960
b4445c86-9b78-4e60-8f4a-e719756130d0;0f637096-87af-409b-bd30-bf3c7cba1502;2;e3c90680-465f-4027-a4b2-2f06199b0960
4b192693-0256-41ed-aeb0-69389412e85a;9ff91faa-e294-442e-abf2-fcc6ba10582b;3;e3c90680-465f-4027-a4b2-2f06199b0960
f1cb675c-124a-49c0-bbdf-8776cd225596;9814a66e-f9a0-450e-a8a2-c9c281d9725d;1;a5b40392-58a5-4305-99ff-8362c8df5531
42d2e84b-2d64-4789-b36f-d5aefa47b5a1;37025466-4d7f-4145-8f58-d2d69921b484;2;a5b40392-58a5-4305-99ff-8362c8df5531
6815d589-09ea-4513-ae81-3664a713cb81;d60c9c04-d9b0-42c6-a95f-46f746f91194;3;a5b40392-58a5-4305-99ff-8362c8df5531
fd035b20-f68f-43a0-8f86-1bc532b0d588;9814a66e-f9a0-450e-a8a2-c9c281d9725d;1;9dced29b-e88d-4b59-95ad-0f94653e777a
f14efd3b-580d-4ed5-b3db-fd3b410c5dce;37025466-4d7f-4145-8f58-d2d69921b484;2;9dced29b-e88d-4b59-95ad-0f94653e777a
2d5c90e3-2867-4bb8-a636-82bb3b4b1ef8;d60c9c04-d9b0-42c6-a95f-46f746f91194;3;9dced29b-e88d-4b59-95ad-0f94653e777a
497e0e5a-a4de-4410-86b4-53d623a334b9;9814a66e-f9a0-450e-a8a2-c9c281d9725d;1;93e81cf8-8f72-4cb3-8038-fe38f044e9e7
a68743f4-388b-4d8e-87be-36a00a5b7b08;37025466-4d7f-4145-8f58-d2d69921b484;2;93e81cf8-8f72-4cb3-8038-fe38f044e9e7
48b2b0e2-f6b5-4932-b866-f25b08a44b29;d60c9c04-d9b0-42c6-a95f-46f746f91194;3;93e81cf8-8f72-4cb3-8038-fe38f044e9e7
100a9156-bf1a-4659-858e-184698b39ed4;9814a66e-f9a0-450e-a8a2-c9c281d9725d;1;711f2dda-d869-4a6c-aed7-c6d1638b8287
d722ebdc-505e-4ff0-b1aa-ff7fcde53e6d;37025466-4d7f-4145-8f58-d2d69921b484;2;711f2dda-d869-4a6c-aed7-c6d1638b8287
d8a6eada-164b-426c-a8e9-6621367cc190;d60c9c04-d9b0-42c6-a95f-46f746f91194;3;711f2dda-d869-4a6c-aed7-c6d1638b8287
cf5fa022-c62a-4ada-b798-16406d7f37f6;decb0a06-03bc-4b51-9ef2-35974ccb4f7f;1;d1b9d339-9ff2-4ade-8dd7-418c82c288b6
95ae0d30-4300-4b77-8703-a4094500001d;37f1aaa0-357d-47c8-be70-e6524c92dccf;2;d1b9d339-9ff2-4ade-8dd7-418c82c288b6
d65b7075-1d9a-427c-b454-33cc33ab4af3;f64456f7-d9a2-4554-9e53-17a922c63170;3;d1b9d339-9ff2-4ade-8dd7-418c82c288b6
f83f3c19-00cf-4597-9139-aeda64fe4166;decb0a06-03bc-4b51-9ef2-35974ccb4f7f;1;04c08640-610e-4b07-8b5d-5271d955fd94
a8269017-4aeb-4829-b5fa-56e1ffbf266c;37f1aaa0-357d-47c8-be70-e6524c92dccf;2;04c08640-610e-4b07-8b5d-5271d955fd94
fb89feeb-921e-46c3-8113-41608393af06;f64456f7-d9a2-4554-9e53-17a922c63170;3;04c08640-610e-4b07-8b5d-5271d955fd94
8502b9eb-197c-4839-9c50-830f68a6e945;decb0a06-03bc-4b51-9ef2-35974ccb4f7f;1;e88b3467-18ed-4c2c-a970-133a7a94e32e
874825d7-8412-4295-882f-599cfd296a76;37f1aaa0-357d-47c8-be70-e6524c92dccf;2;e88b3467-18ed-4c2c-a970-133a7a94e32e
63982a1b-e986-48a8-8017-9df0add590f5;f64456f7-d9a2-4554-9e53-17a922c63170;3;e88b3467-18ed-4c2c-a970-133a7a94e32e
f1c60158-e0fb-4c49-b0f6-6caa9f990d6c;a765c137-a059-427a-bf33-ddd027fc43fd;1;8f9a196e-7a14-418a-9dc2-a10408c955bd
05003701-7ae9-4122-9d94-52b98b6fd37b;0f637096-87af-409b-bd30-bf3c7cba1502;2;8f9a196e-7a14-418a-9dc2-a10408c955bd
d06df63d-faf3-4e16-a800-3cb4f168f205;9ff91faa-e294-442e-abf2-fcc6ba10582b;3;8f9a196e-7a14-418a-9dc2-a10408c955bd
a5decc4f-b718-4ed7-9d8a-d648791dd3f6;a765c137-a059-427a-bf33-ddd027fc43fd;1;33210f95-0374-46a8-bfcc-2fab44f0f6e5
742233b8-244c-4028-a849-62f5859034a5;0f637096-87af-409b-bd30-bf3c7cba1502;2;33210f95-0374-46a8-bfcc-2fab44f0f6e5
0c02877e-933e-43fb-ad7b-09704d8f43c5;9ff91faa-e294-442e-abf2-fcc6ba10582b;3;33210f95-0374-46a8-bfcc-2fab44f0f6e5
9adfd1f1-5630-41a7-8d69-b833bd82bed9;a765c137-a059-427a-bf33-ddd027fc43fd;1;e9b41ad1-628c-4681-a6a2-0024163c920c
7afac565-9cd7-4e0e-81b9-57c620ee3988;0f637096-87af-409b-bd30-bf3c7cba1502;2;e9b41ad1-628c-4681-a6a2-0024163c920c
01f763d4-6d23-408e-b246-491cae52681a;9ff91faa-e294-442e-abf2-fcc6ba10582b;3;e9b41ad1-628c-4681-a6a2-0024163c920c
af56fe39-47fb-4f61-8333-469d9e2dd0f9;9814a66e-f9a0-450e-a8a2-c9c281d9725d;1;4d0f51c5-75b5-494e-89b1-b289a6a8ec0e
14da4896-de8c-4177-8191-e8b95cd71a10;37025466-4d7f-4145-8f58-d2d69921b484;2;4d0f51c5-75b5-494e-89b1-b289a6a8ec0e
375ee620-d2e4-461b-8080-4c68ce44c09a;d60c9c04-d9b0-42c6-a95f-46f746f91194;3;4d0f51c5-75b5-494e-89b1-b289a6a8ec0e
fe957c07-c2a5-4e36-9243-a35979f71cc5;9814a66e-f9a0-450e-a8a2-c9c281d9725d;1;7d9c8867-4214-4a4c-9963-72ffc20f470d
b2f1ad99-bbb0-4da0-bc21-ed38dd2cebef;37025466-4d7f-4145-8f58-d2d69921b484;2;7d9c8867-4214-4a4c-9963-72ffc20f470d
1ff310ca-6976-4581-ad76-d51ec39d09eb;d60c9c04-d9b0-42c6-a95f-46f746f91194;3;7d9c8867-4214-4a4c-9963-72ffc20f470d
07fdfaff-feb4-4bf8-8ee4-6c19aedf6a94;9814a66e-f9a0-450e-a8a2-c9c281d9725d;1;a3b113c4-c3ab-43be-aecb-5f222c5e5fa1
30ac5ce3-1f9a-4df3-a914-d6d30cbf7bfb;37025466-4d7f-4145-8f58-d2d69921b484;2;a3b113c4-c3ab-43be-aecb-5f222c5e5fa1
a3551d71-4ddb-4b6b-931b-6ea3551081d9;d60c9c04-d9b0-42c6-a95f-46f746f91194;3;a3b113c4-c3ab-43be-aecb-5f222c5e5fa1
