id;pilot_id;event_id;final_position
decb0a06-03bc-4b51-9ef2-35974ccb4f7f;658ff918-5bce-47fe-b40f-7fe1aac84da7;61e04728-4dbb-46a7-ada4-483ea64cfcb3;1
37f1aaa0-357d-47c8-be70-e6524c92dccf;9235f136-c24a-4b13-b114-501381816587;61e04728-4dbb-46a7-ada4-483ea64cfcb3;4
f64456f7-d9a2-4554-9e53-17a922c63170;999414af-0b90-431f-90e3-0b2bffb83ed8;61e04728-4dbb-46a7-ada4-483ea64cfcb3;3
17cb2dfe-f981-44e9-8006-b18fad8d25d3;9c2fa91e-c665-4639-a669-6fb9ca6ea9be;61e04728-4dbb-46a7-ada4-483ea64cfcb3;2
fb584e2b-0b5e-4c65-8ce3-d5a3772b2b1a;f8cbadce-f4cf-4e16-8b5b-e64a10cc1d63;61e04728-4dbb-46a7-ada4-483ea64cfcb3;5
540035b8-46ee-4146-9dad-f5ac76b7cc01;81a4789f-caa2-4408-90fe-ac5c8b3b208f;61e04728-4dbb-46a7-ada4-483ea64cfcb3;6
a765c137-a059-427a-bf33-ddd027fc43fd;658ff918-5bce-47fe-b40f-7fe1aac84da7;efc48201-9a82-4697-ad29-aa9a3e447bcd;1
0f637096-87af-409b-bd30-bf3c7cba1502;9235f136-c24a-4b13-b114-501381816587;efc48201-9a82-4697-ad29-aa9a3e447bcd;3
9ff91faa-e294-442e-abf2-fcc6ba10582b;999414af-0b90-431f-90e3-0b2bffb83ed8;efc48201-9a82-4697-ad29-aa9a3e447bcd;2
54676051-df11-4481-824c-c5062d670ae5;9c2fa91e-c665-4639-a669-6fb9ca6ea9be;efc48201-9a82-4697-ad29-aa9a3e447bcd;4
ab70f04b-525c-4afd-b6ed-4f27981e2520;f8cbadce-f4cf-4e16-8b5b-e64a10cc1d63;efc48201-9a82-4697-ad29-aa9a3e447bcd;6
2edcd289-946f-4e11-89bc-0fb69d5a6137;81a4789f-caa2-4408-90fe-ac5c8b3b208f;efc48201-9a82-4697-ad29-aa9a3e447bcd;5
9814a66e-f9a0-450e-a8a2-c9c281d9725d;658ff918-5bce-47fe-b40f-7fe1aac84da7;25ff41b1-f27c-43db-8227-6264081ef7cd;2
37025466-4d7f-4145-8f58-d2d69921b484;9235f136-c24a-4b13-b114-501381816587;25ff41b1-f27c-43db-8227-6264081ef7cd;1
d60c9c04-d9b0-42c6-a95f-46f746f91194;999414af-0b90-431f-90e3-0b2bffb83ed8;25ff41b1-f27c-43db-8227-6264081ef7cd;4
148acc4d-9e20-4b8f-a0ee-a75331af0c5b;9c2fa91e-c665-4639-a669-6fb9ca6ea9be;25ff41b1-f27c-43db-8227-6264081ef7cd;3
4869e43d-3798-4706-a6c9-109b627736cc;f8cbadce-f4cf-4e16-8b5b-e64a10cc1d63;25ff41b1-f27c-43db-8227-6264081ef7cd;5
5752b662-a489-476f-98b8-c322453adcae;81a4789f-caa2-4408-90fe-ac5c8b3b208f;25ff41b1-f27c-43db-8227-6264081ef7cd;6
